{"cameraMode":{"drawMode":0,"name":"Shaded","section":"Shading Mode"},"sceneLighting":false,"audioPlay":false,"sceneViewState":{"showFog":true,"showMaterialUpdate":false,"showSkybox":false,"showFlares":true,"showImageEffects":true,"showParticleSystems":true},"in2DMode":false,"pivot":{"x":-0.05943995714187622,"y":0.045834243297576907,"z":0.03249013423919678},"rotation":{"x":0.3104209899902344,"y":0.6262404322624207,"z":-0.299278199672699,"w":0.6495575904846191},"size":34.477210998535159,"orthographic":false}